0,1,2,3,4,5,6,7,8,9,10,11,12,13,14,15,16,17,18,19,20,21,22,23,24,25,26,27,28,29,30,31,32,33,34,35,36,37,38,39,40,41,42,43,44,45,46,47,48,49,50,51,52,53,54,55,56,57,58,59,60,61,62,63,64,65,66,67,68,69,70,71,72,73,74,75,76,77,78,79,80,81,82,83,84,85,86,87,88,89,90,91,92,93,94,95
[],,,,,,,,,,,,,,,,,,,,,,,,,,,,,,,,,,,,,,,,,,,,,,,,,,,,,,,,,,,,,,,,,,,,,,,,,,,,,,,,,,,,,,,,,,,,,,,
,[],,,,,,,,,,,,,,,,,,,,,,,,,,,,,,,,,,,,,,,,,,,,,,,,,,,,,,,,,,,,,,,,,,,,,,,,,,,,,,,,,,,,,,,,,,,,,,
,,[],,,,,,,,,,,,,,,,,,,,,,,,,,,,,,,,,,,,,,,,,,,,,,,,,,,,,,,,,,,,,,,,,,,,,,,,,,,,,,,,,,,,,,,,,,,,,
,,,[],,,,,,,,,,,,,,,,,,,,,,,,,,,,,,,,,,,,,,,,,,,,,,,,,,,,,,,,,,,,,,,,,,,,,,,,,,,,,,,,,,,,,,,,,,,,
,,,,[],,,,,,,,,,,,,,,,,,,,,,,,,,,,,,,,,,,,,,,,,,,,,,,,,,,,,,,,,,,,,,,,,,,,,,,,,,,,,,,,,,,,,,,,,,,
,,,,,[],,,,,,,,,,,,,,,,,,,,,,,,,,,,,,,,,,,,,,,,,,,,,,,,,,,,,,,,,,,,,,,,,,,,,,,,,,,,,,,,,,,,,,,,,,
,,,,,,[],,,,,,,,,,,,,,,,,,,,,,,,,,,,,,,,,,,,,,,,,,,,,,,,,,,,,,,,,,,,,,,,,,,,,,,,,,,,,,,,,,,,,,,,,
,,,,,,,[],,,,,,,,,,,,,,,,,,,,,,,,,,,,,,,,,,,,,,,,,,,,,,,,,,,,,,,,,,,,,,,,,,,,,,,,,,,,,,,,,,,,,,,,
,,,,,,,,[],,,,,,,,,,,,,,,,,,,,,,,,,,,,,,,,,,,,,,,,,,,,,,,,,,,,,,,,,,,,,,,,,,,,,,,,,,,,,,,,,,,,,,,
,,,,,,,,,[],,,,,,,,,,,,,,,,,,,,,,,,,,,,,,,,,,,,,,,,,,,,,,,,,,,,,,,,,,,,,,,,,,,,,,,,,,,,,,,,,,,,,,
,,,,,,,,,,[],,,,,,,,,,,,,,,,,,,,,,,,,,,,,,,,,,,,,,,,,,,,,,,,,,,,,,,,,,,,,,,,,,,,,,,,,,,,,,,,,,,,,
,,,,,,,,,,,[],,,,,,,,,,,,,,,,,,,,,,,,,,,,,,,,,,,,,,,,,,,,,,,,,,,,,,,,,,,,,,,,,,,,,,,,,,,,,,,,,,,,
,,,,,,,,,,,,[],,,,,,,,,,,,,,,,,,,,,,,,,,,,,,,,,,,,,,,,,,,,,,,,,,,,,,,,,,,,,,,,,,,,,,,,,,,,,,,,,,,
,,,,,,,,,,,,,[],,,,,,,,,,,,,,,,,,,,,,,,,,,,,,,,,,,,,,,,,,,,,,,,,,,,,,,,,,,,,,,,,,,,,,,,,,,,,,,,,,
,,,,,,,,,,,,,,"['# vi /etc/hostname  ', '# hostname -F /etc/hostname  ', '# hostname  ']",,,,,,,,,,,,,,,,,,,,,,,,,,,,,,,,,,,,,,,,,,,,,,,,,,,,,,,,,,,,,,,,,,,,,,,,,,,,,,,,,
,,,,,,,,,,,,,,,"['# nmcli c add type bridge ifname br -haas-mng con-name br-haas-mng ', '# nmcli c mod br -haas-mng ipv4.method manual ipv4.addresses "" ＜IPアドレス ／プ', '# nmcli c up br -haas-mng ', '# nmcli c mod eno1 master br-haas-mng ', '# nmcli c mod eno2 master br -haas-mng ', '# nmcli c mod eno3 master br -haas-mng ', '# nmcli c mod eno4 master br -haas-mng ', '# nmcli c up eno1  ', '# nmcli c up eno2  ', '# nmcli c up eno3  ', '# nmcli c up eno4  ', '# nmcli c s eno1 |grep connection.autoconnect:  ', '# nmcli c s eno2 |grep connection.autoconnect:  ', '# nmcli c s eno3 |grep connection.autoconnect:  ', '# nmcli c s eno4 |grep connection.autoconnect:  ']",,,,,,,,,,,,,,,,,,,,,,,,,,,,,,,,,,,,,,,,,,,,,,,,,,,,,,,,,,,,,,,,,,,,,,,,,,,,,,,,
,,,,,,,,,,,,,,,,"['# nmcli c mod eno1 autoconnect yes  ', '# nmcli c mod eno2 autoconnect yes  ', '# nmcli c mod eno3 autoconnect yes  ', '# nmcli c mod eno4 autoconnect yes  ', '# nmcli c s eno1 |grep connection.autoconnect:  ', '# nmcli c s eno2 |grep connection.autoconnect:  ', '# nmcli c s eno3 |grep connection.autoconnect:  ', '# nmcli c s eno4 |grep connection.autoconnect:  ']",,,,,,,,,,,,,,,,,,,,,,,,,,,,,,,,,,,,,,,,,,,,,,,,,,,,,,,,,,,,,,,,,,,,,,,,,,,,,,,
,,,,,,,,,,,,,,,,,"['# nmcli c add type bridge ifname br -haas-op con-name br-haas-op ', '# nmcli c mod br-haas-op ipv4.method manual ipv4.addresses "" ＜IPアドレス ／プ', '# nmcli c up br -haas-op ', '# nmcli c add type vlan ifname ens1f0. ＜VLAN ID ＞ dev ens1f0 id ＜VLAN ID ＞ ', '# nmcli c add type vlan ifname ens1f1. ＜VLAN ID ＞ dev ens1f1 id ＜VLAN ID ＞ ', '# nmcli c add type vlan ifname ens2f0. ＜VLAN ID ＞ dev ens2f0 id ＜VLAN ID ＞ ', '# nmcli c add type vlan ifname ens2f1. ＜VLAN ID ＞ dev ens2f1 id ＜VLAN ID ＞ ', '# nmcli c mod vlan -ens1f0. ＜VLAN ID ＞ master br -haas-op ', '# nmcli c mod vlan -ens1f1. ＜VLAN ID ＞ master br -haas-op ', '# nmcli c mod vlan -ens2f0. ＜VLAN ID ＞ master br -haas-op ', '# nmcli c mod vlan -ens2f1. ＜VLAN ID ＞ master br -haas-op ']",,,,,,,,,,,,,,,,,,,,,,,,,,,,,,,,,,,,,,,,,,,,,,,,,,,,,,,,,,,,,,,,,,,,,,,,,,,,,,
,,,,,,,,,,,,,,,,,,"['# nmcli c up vlan -ens1f0. ＜VLAN ID ＞ ', '# nmcli c up vlan -ens1f1. ＜VLAN ID ＞ ', '# nmcli c up vlan-ens2f0. ＜VLAN ID ＞ ', '# nmcli c up vlan -ens2f1. ＜VLAN ID ＞ ', '# nmcli c m br -haas-op ipv4.gateway ""＜nexthop のIPアドレス＞ "" ', '# nmcli c reload ', '# nmcli c down br -haas-op ', '# nmcli c up br -haas-op ']",,,,,,,,,,,,,,,,,,,,,,,,,,,,,,,,,,,,,,,,,,,,,,,,,,,,,,,,,,,,,,,,,,,,,,,,,,,,,
,,,,,,,,,,,,,,,,,,,"['# zabbix_agentd --version ', '# getenforce  ']",,,,,,,,,,,,,,,,,,,,,,,,,,,,,,,,,,,,,,,,,,,,,,,,,,,,,,,,,,,,,,,,,,,,,,,,,,,,
,,,,,,,,,,,,,,,,,,,,"['# vi /etc/selinux/config  ', '# This file controls the state of SELinux on the system.  ', '# SELINUX= can take one of these three values:  ', '#     enforcing - SELinux security policy is enforced.  ', '#     permissive - SELinux prints warnings instead of enforcing.  ', '#     disabled - No SELinux policy is loaded.  ', '# SELINUXTYPE= can take one of these two values:  ', '#     targeted - Targeted processes are protected,  ', '#     minimum - Modification of targeted policy. Only selected ', '#     mls - Multi Level Security protection.  ', '# shutdown -r now ', '# getenforce  ', '# firewall -cmd --add-port=10050/tcp --permanent  ', '# firewall -cmd --reload ', '# firewall -cmd --list-all ']",,,,,,,,,,,,,,,,,,,,,,,,,,,,,,,,,,,,,,,,,,,,,,,,,,,,,,,,,,,,,,,,,,,,,,,,,,,
,,,,,,,,,,,,,,,,,,,,,"['# vi /etc/zabbix/zabbix_agentd.conf  ', '# This is a configuration file for Zabbix agent daemon (Unix)  ', '# To get more information about Zabbix, visit http://www.zabbix.com  ', '############ GENERAL PARAMETERS #################  ', '### Option: PidFile  ', '#       Name of PID file.  ', '# ', '# Mandatory: no  ', '# Default:  ', '# PidFile=/tmp/zabbix_agentd.pid  ', '### Option: LogType  ', '#       Specifies where log messages are written to:  ', '#               system  - syslog ', '#               file    - file specified with LogFile parameter  ', '#               console - standard output  ', '# ', '# Mandatory: no  ', '# Default:  ', '# LogType=file  ', '### Option: LogFile  ', ""#       Log file name for LogType 'file' parameter.  "", '# ', '# Mandatory: yes, if LogType is set to file, otherwise no  ', '# Default:  ', '# LogFile=  ', '### Option: LogFileSize  ', '#       Maximum size of log file in MB.  ', '#       0 - disable automatic log rotation.  ', '# ', '# Mandatory: no  ', '# Range: 0 -1024 ', '# Default:  ', '# LogFileSize=1  ']",,,,,,,,,,,,,,,,,,,,,,,,,,,,,,,,,,,,,,,,,,,,,,,,,,,,,,,,,,,,,,,,,,,,,,,,,,
,,,,,,,,,,,,,,,,,,,,,,"['### Option: DebugLevel  ', '#       Specifies debug level:  ', '#       0 - basic information about starting and stopping of Zabbix ', '#       1 - critical information  ', '#       2 - error information  ', '#       3 - warnings  ', '#       4 - for debugging (produces lots of information)  ', '#       5 - extended debugging (produces even more information)  ', '# ', '# Mandatory: no  ', '# Range: 0 -5 ', '# Default:  ', '# DebugLevel=3  ', '### Option: SourceIP  ', '#       Source IP address for outgoing connec tions. ', '# ', '# Mandatory: no  ', '# Default:  ', '# SourceIP=  ', '### Option: EnableRemoteCommands  ', '#       Whether remote commands from Zabbix server are allowed.  ', '#       0 - not allowed  ', '#       1 - allowed ', '# ', '# Mandatory: no  ', '# Default:  ', '# EnableRemoteCommands=0  ', '### Option: LogRemoteCommands  ', '#       Enable logging of executed shell commands as warnings.  ', '#       0 - disabled  ', '#       1 - enabled ', '# ', '# Mandatory: no  ', '# Default:  ', '# LogRemoteCommands=0  ', '##### Passive checks  related ', '### Option: Server  ']",,,,,,,,,,,,,,,,,,,,,,,,,,,,,,,,,,,,,,,,,,,,,,,,,,,,,,,,,,,,,,,,,,,,,,,,,
,,,,,,,,,,,,,,,,,,,,,,,"['#       Incoming connections will be accepted only from the hosts listed ', ""#       If IPv6 suppor t is enabled then '127.0.0.1', '::127.0.0.1', "", ""#       and '::/0' will allow any IPv4 or IPv6 address.  "", ""#       '0.0.0.0/0' can be used to allow any IPv4 address.  "", '#       Example: ', '# ', '# Mandatory: yes, if StartAgents is not explicitly set to 0  ', '# Default:  ', '# Server=  ', '### Option: ListenPort  ', '#       Agent will listen on this port for connections from the server.  ', '# ', '# Mandatory: no  ', '# Range: 1024 -32767 ', '# Default:  ', '# ListenPort=10050  ', '### Option: ListenIP  ', '#       List of comma delimited IP addresses that the agent should listen ', '#       First IP address is sent to Zabbix server if connecting to it to ', '# ', '# Mandatory: no  ', '# Default:  ', '# ListenIP=0.0.0.0  ', '### Option: StartAgents  ', '#       Number of pre -forked instances of zabbix_agentd that process passive ', '#       If set to 0, disables passive checks and the agent will not listen ', '# ', '# Mandatory: no  ', '# Range: 0 -100 ', '# Default:  ', '# StartAgents=3  ', '##### Active checks related  ', '### Option: ServerActive  ']",,,,,,,,,,,,,,,,,,,,,,,,,,,,,,,,,,,,,,,,,,,,,,,,,,,,,,,,,,,,,,,,,,,,,,,,
,,,,,,,,,,,,,,,,,,,,,,,,"['#       If port is not specified, default port is used.  ', '#       IPv6 addresses must be enclosed in square brackets if port for that ', '#       If port is not specified, square brackets for IPv6 addresses are ', '#       If this parameter is not specified, a ctive checks are disabled.  ', '#       Example: ', '# ', '# Mandatory: no  ', '# Default:  ', '# ServerActive=  ', '### Option: Hostname  ', '#       Unique, case sensitive hostname.  ', '#       Required for active checks and must match hostname as configured on ', '#       Value is acquired from HostnameItem if undefined.  ', '# ', '# Mandatory: no  ', '# Default:  ', '# Hostname=  ', '#Hostname=Zabbix server  ★”#”でコメントアウト  ', '### Option: HostnameItem  ', '#       Item used for generating Hostname if it is undefined. Ignored if ', '#       Does not support UserParameters or aliases.  ', '# ', '# Mandatory: no  ', '# Default:  ', '# HostnameItem=system.hostname  ', '### Option: HostMetadata  ', '#       Optional parameter that defines host metadata.  ', '#       Host metadata is used at host auto -registration process.  ', '#       An agent will issue an error and not start if the value is over ', '#       If not def ined, value will be acquired from HostMetadataItem.  ', '# ', '# Mandatory: no  ', '# Range: 0 -255 characters  ']",,,,,,,,,,,,,,,,,,,,,,,,,,,,,,,,,,,,,,,,,,,,,,,,,,,,,,,,,,,,,,,,,,,,,,,
,,,,,,,,,,,,,,,,,,,,,,,,,"['# HostMetadata=  ', '### Option: HostMetadataItem  ', '#       Optional parameter that defines an item used for getting host ', '#       Host metadata is used at host auto -registration process.  ', '#       During an auto -registration request an agent will log a warning ', '#       the value returned by specified item is over limit of 255 ', '#       This option is only used when HostMetadata is not defined.  ', '# ', '# Mandatory: no  ', '# Default:  ', '# HostMetadataItem=  ', '### Option: RefreshActiveChecks  ', '#       How often list of active checks is refreshed, in seconds.  ', '# ', '# Mandatory: no  ', '# Range: 60 -3600 ', '# Default:  ', '# RefreshActive Checks=120  ', '### Option: BufferSend  ', '#       Do not keep data longer than N seconds in buffer.  ', '# ', '# Mandatory: no  ', '# Range: 1 -3600 ', '# Default:  ', '# BufferSend=5  ', '### Option: BufferSize  ', '#       Maximum number of values in a memory buffer. The agent will send  ', '#       all collected data to Zabbix Server or Proxy if the buffer is full.  ', '# ', '# Mandatory: no  ', '# Range: 2 -65535 ', '# Default:  ', '# BufferSize=100  ', '### Option: MaxLinesPerSecond  ', '#       Maximum number of new lines the agent will send pe r second to Zabbix ']",,,,,,,,,,,,,,,,,,,,,,,,,,,,,,,,,,,,,,,,,,,,,,,,,,,,,,,,,,,,,,,,,,,,,,
,,,,,,,,,,,,,,,,,,,,,,,,,,"[""#       The provided value will be overridden by the parameter 'maxlines',  "", ""#       provided in 'log' or 'logrt' item keys.  "", '# ', '# Mandatory: no  ', '# Range: 1 -1000 ', '# Default:  ', '# MaxLinesPerSecond=20  ', '############ ADVANCED PARAMETERS #################  ', '### Option: Alias  ', '#       Sets an alias for an item key. It can be used to substitute long and ', '#       Multiple Alias parameters may  be present. Multiple parameters with ', '#       Different Alias keys may reference the same item key.  ', ""#       For example, to retrieve the ID of user 'zabbix':  "", '#       Alias=zabbix.userid:vfs.file.regexp[/etc/passwd,^zabbix:.:([0 -', '#       Now shorthand key zabbix.userid may be used to retrieve data.  ', '#       Aliases can be used in HostMetadataItem but not in HostnameItem ', '# ', '# Mandatory: no  ', '# Range:  ', '# Default:  ', '### Option: Timeout  ', '#       Spend no more than Timeout seconds on processing  ', '# ', '# Mandatory: no  ', '# Range: 1 -30 ', '# Default:  ', '# Timeout=3  ', '### Option: AllowRoot  ', ""#       Allow the agent to run as 'root'. If disabled and the agent is "", '#       will try to switch to the user specified by the User configuration ', '#       Has no effect if started under a regular user.  ', '#       0 - do not allow  ', '#       1 - allow ', '# ', '# Mandatory: no  ', '# Default:  ']",,,,,,,,,,,,,,,,,,,,,,,,,,,,,,,,,,,,,,,,,,,,,,,,,,,,,,,,,,,,,,,,,,,,,
,,,,,,,,,,,,,,,,,,,,,,,,,,,"['### Option: User  ', '#       Drop privileges to a specific, existing user on the system.  ', ""#       Only has effect if run as 'root' and AllowRoot is disabled.  "", '# ', '# Mandatory: no  ', '# Default:  ', '# User=zabbix  ', '### Option: Include  ', '#       You  may include individual files or all files in a directory in the ', '#       Installing Zabbix will create include directory in /usr/local/etc, ', '# ', '# Mandatory: no  ', '# Default:  ', '# Include=  ', '# Include=/usr/local/etc/zabbix_agentd.userparams.conf  ', '# Include=/usr/local/etc/zabbix_agentd.conf.d/  ', '# Include=/usr/local/etc/zabbix_agentd.conf.d/*.conf  ', '####### USER -DEFINED MONITORED PARAMETERS #######  ', '### Option: UnsafeUserParameters  ', '#       Allow all characters to be passed in arguments to user -defined ', '#       The following characters are not allowed:  ', '#       ¥ \' "" ` * ? [ ] { } ~ $ ! & ; ( ) < > | # @  ', '#       Additionally, newline characters a re not allowed.  ', '#       0 - do not allow  ', '#       1 - allow ', '# ', '# Mandatory: no  ', '# Range: 0 -1 ', '# Default:  ', '# UnsafeUserParameters=0  ', '### Option: UserParameter  ', '#       User -defined parameter to monitor. There can be several user -defined ']",,,,,,,,,,,,,,,,,,,,,,,,,,,,,,,,,,,,,,,,,,,,,,,,,,,,,,,,,,,,,,,,,,,,
,,,,,,,,,,,,,,,,,,,,,,,,,,,,"[""#       See 'zabbix_agentd' directory for examples.  "", '# ', '# Mandatory: no  ', '# Default:  ', '# UserParameter=  ', '####### LOADABLE MODULES #######  ', '### Option: LoadModulePath  ', '#       Full path to location of agent modules.  ', '#       Default depends on compilation options.  ', '#       To see the default path run command ""zabbix_agentd --help"". ', '# ', '# Mandatory: no  ', '# Default:  ', '# LoadModulePath=${libdir}/modules  ', '### Option: LoadModule  ', '#       Module to load at  agent startup. Modules are used to extend ', '#       Formats:  ', '#               LoadModule=<module.so>  ', '#               LoadModule=<path/module.so>  ', '#               LoadModule=</abs_path/module.so>  ', '#       Either the module must be lo cated in directory specified by ', ""#       If the preceding path is absolute (starts with '/') then "", '#       It is allowed to include multiple LoadModule parameters.  ', '# ', '# Mandat ory: no ', '# Default:  ', '# LoadModule=  ', '####### TLS -RELATED PARAMETERS #######  ', '### Option: TLSConnect  ', '#       How the agent should connect to server or proxy. Used for active ', '#       Only one value can be specified:  ', '#               unencrypted - connect without encryption  ', '#               psk         - connect using TLS and a pre -shared key  ', '#               cert        - connect using TLS and a certificate  ', '# ', '# Mandatory: yes, if TLS certificate or PSK parameters are defined (even ', '# Default:  ', '# TLSConnect=unencrypted  ']",,,,,,,,,,,,,,,,,,,,,,,,,,,,,,,,,,,,,,,,,,,,,,,,,,,,,,,,,,,,,,,,,,,
,,,,,,,,,,,,,,,,,,,,,,,,,,,,,"['### Option: TLSAccept  ', '#       What incoming connections to accept.  ', '#       Multiple values can be specified, separated by comma:  ', '#               unencrypted - accept connections without encrypti on ', '#               psk         - accept connections secured with TLS and a pre -', '#               cert        - accept connections secured with TLS and a ', '# ', '# Mandatory: yes, if TLS certificate or PSK parameters are defined (even ', '# Default:  ', '# TLSAccept=unencrypted  ', '### Option: TLSCAFile  ', '#       Full pathname of a file containing the top -level CA(s) certificates ', '#       peer certificate verification.  ', '# ', '# Mandatory: no  ', '# Default:  ', '# TLSCAFile=  ', '### Option: TLSCRLFile  ', '#       Full pathname of a file containing revoked certificates.  ', '# ', '# Mandatory: no  ', '# Default:  ', '# TLSCRLFile=  ', '### Option: TLSServerCertIssuer  ', '#      Allowed server certificate issuer.  ', '# ', '# Mandatory: no  ', '# Default:  ', '# TLSServerCertIssuer=  ', '### Option: TLSServerCertSubject  ', '#      Allowed server certificate subject.  ', '# ', '# Mandatory: no  ', '# Default:  ', '# TLSServerCertSubject=  ', '### Option: TLSCertFile  ', '#       Full pathname of a file containing the agent certificate or ', '# ']",,,,,,,,,,,,,,,,,,,,,,,,,,,,,,,,,,,,,,,,,,,,,,,,,,,,,,,,,,,,,,,,,,
,,,,,,,,,,,,,,,,,,,,,,,,,,,,,,"['# Default:  ', '# TLSCertFile=  ', '### Option: TLSKeyFile  ', '#       Full pathname of a file containing the agent private key.  ', '# ', '# Mandatory: no  ', '# Default:  ', '# TLSKeyFile=  ', '### Option: TLSPSKIdentity  ', '#       Unique, case sensitive string used to identify the pre-shared key.  ', '# ', '# Mandatory: no  ', '# Default:  ', '# TLSPSKIdentity=  ', '### Option: TLSPSKFile  ', '#       Full pathname of a file containing the pre -shared key.  ', '# ', '# Mandatory: no  ', '# Default:  ', '# TLSPSKFile=  ', '####### For advanced users - TLS ciphersuite selection cri teria #######  ', '### Option: TLSCipherCert13  ', '#       Cipher string for OpenSSL 1.1.1 or newer in TLS 1.3.  ', '#       Override the default ciphersuite selection criteria for certificate -', '# ', '# Mandatory: no  ', '# Default:  ', '# TLSCipherCert13=  ', '### Option: TLSCipherCert  ', '#       GnuTLS priority string or OpenSSL (TLS 1.2) cipher string.  ', '#       Override the default ciphersuite selection criteria for certificate -', '#       Example for GnuTLS:  ', '#               NONE:+V ERS-TLS1.2:+ECDHE -RSA:+RSA:+AES -128-GCM:+AES -128-', '#       Example for OpenSSL:  ', '#               EECDH+aRSA+AES128:RSA+aRSA+AES128  ', '# ', '# Mandatory: no  ', '# Default:  ', '# TLSCipherCert=  ']",,,,,,,,,,,,,,,,,,,,,,,,,,,,,,,,,,,,,,,,,,,,,,,,,,,,,,,,,,,,,,,,,
,,,,,,,,,,,,,,,,,,,,,,,,,,,,,,,"['### Option: TLSCipherPSK13  ', '#       Cipher string for OpenSSL 1.1.1 or newer in TLS 1.3.  ', '#       Override the default ciphersuite selection criteria for PSK -based ', '#       Example:  ', '#               TLS_CHACHA20_POLY1305_SHA256:TLS_AES_128_GCM_SHA256  ', '# ', '# Mandatory: no  ', '# Default:  ', '# TLSCipherPSK13=  ', '### Option: TLSCipherPSK  ', '#       GnuTLS priority string or OpenSSL (TLS 1.2) cipher string.  ', '#       Override the default ciphersuite selection criteria for PSK -based ', '#       Example for GnuTLS:  ', '#               NONE:+VERS -TLS1.2:+ECDHE -PSK:+PSK:+AES -128-GCM:+AES -128-', '#       Example for OpenSSL:  ', '#               kECDHEPSK+AES128:kPSK+AES128  ', '# ', '# Mandatory: no  ', '# Default:  ', '# TLSCipherPSK=  ', '### Option: TLSCip herAll13  ', '#       Cipher string for OpenSSL 1.1.1 or newer in TLS 1.3.  ', '#       Override the default ciphersuite selection criteria for certificate - ', '#       Example:  ', '#               ', '# ', '# Mandatory: no  ', '# Default:  ', '# TLSCipherAll13=  ', '### Option: TLSCipherAll  ', '#       GnuTLS priority string or OpenSSL (TLS 1.2) cipher string.  ', '#       Override the default ciphersuite selection criteria for certificate - ', '#       Example for GnuTLS:  ', '#               NONE:+VERS -TLS1.2:+ECDHE -RSA:+RSA:+ECDHE -PSK:+PSK:+AES -128-', '#       Example for OpenSSL:  ', '#               ']",,,,,,,,,,,,,,,,,,,,,,,,,,,,,,,,,,,,,,,,,,,,,,,,,,,,,,,,,,,,,,,,
,,,,,,,,,,,,,,,,,,,,,,,,,,,,,,,,"['# Mandatory: no  ', '# Default:  ', '# TLSCipherAll=  ', '#UserParameter ★ ', '# common ★ ', '# crond ★ ', '# PID Check ★ ', '#vi /usr/lib/systemd/system/zabbix -agent.service  ', '#User=zabbix  ★”#”でコメントアウト  ', '#Group=zabbix  ★”#”でコメントアウト  ']",,,,,,,,,,,,,,,,,,,,,,,,,,,,,,,,,,,,,,,,,,,,,,,,,,,,,,,,,,,,,,,
,,,,,,,,,,,,,,,,,,,,,,,,,,,,,,,,,"['# systemctl daemon-reload ', '# systemctl restart zabbix -agent ', '# systemctl status zabbix -agent ', '# systemctl enable zabbix -agent ', '# systemctl is -enabled zabbix -agent ', '# systemctl is -enabled zabbix-agent ']",,,,,,,,,,,,,,,,,,,,,,,,,,,,,,,,,,,,,,,,,,,,,,,,,,,,,,,,,,,,,,
,,,,,,,,,,,,,,,,,,,,,,,,,,,,,,,,,,"['# vi /etc/chrony.conf  ', '# Use public servers from the pool.ntp.org project.  ', '# Please consider joining the pool (http://www.pool.ntp.org/join.html).  ', '#pool 2.centos.pool.ntp.org iburst  ★”#”でコメントアウト  ', '# systemctl start chronyd  ', '# systemctl status chronyd  ']",,,,,,,,,,,,,,,,,,,,,,,,,,,,,,,,,,,,,,,,,,,,,,,,,,,,,,,,,,,,,
,,,,,,,,,,,,,,,,,,,,,,,,,,,,,,,,,,,"['# systemctl enable chronyd  ', '# systemctl is -enabled chronyd ', '# systemctl is -enabled chronyd  ']",,,,,,,,,,,,,,,,,,,,,,,,,,,,,,,,,,,,,,,,,,,,,,,,,,,,,,,,,,,,
,,,,,,,,,,,,,,,,,,,,,,,,,,,,,,,,,,,,"['# cd /etc/ssh  ', '# vi sshd_config  ', '#PermitRootLogin yes  ★“＃”でコメントアウト  ', '# systemctl restart sshd.service  ', '# systemctl status sshd.service  ', '# systemctl status sshd.service  ']",,,,,,,,,,,,,,,,,,,,,,,,,,,,,,,,,,,,,,,,,,,,,,,,,,,,,,,,,,,
,,,,,,,,,,,,,,,,,,,,,,,,,,,,,,,,,,,,,['# mkdir /home/images  '],,,,,,,,,,,,,,,,,,,,,,,,,,,,,,,,,,,,,,,,,,,,,,,,,,,,,,,,,,
,,,,,,,,,,,,,,,,,,,,,,,,,,,,,,,,,,,,,,"['# cd /home/images  ', '# ls ＜イメージファイル名＞  ', '# ls haasctl_ xxxx_comp .qcow2 ', '# cd /tmp ', '# ls ＜XMLファイル 名＞ ', '# ls haasctl_ xxxx.xml ', '# cd /home/im ages ', '# md5sum ＜イメージファイル名＞  ', '# cd /tmp ', '# md5sum ＜XMLファイル 名＞ ']",,,,,,,,,,,,,,,,,,,,,,,,,,,,,,,,,,,,,,,,,,,,,,,,,,,,,,,,,
,,,,,,,,,,,,,,,,,,,,,,,,,,,,,,,,,,,,,,,"['# md5sum haasctl_ xxxx_comp.qcow2 ', '# md5sum haasctl_ xxxx.xml ', '# cd /home/images  ', '# qemu-img convert -f qcow2 -O qcow2 ＜圧縮ファイル名 ＞ ＜非圧縮ファイル名 ＞ ', '# cd /tmp ', '# mv ＜変更前の XMLファイル名＞  ＜変更後の XMLファイル名＞  ']",,,,,,,,,,,,,,,,,,,,,,,,,,,,,,,,,,,,,,,,,,,,,,,,,,,,,,,,
,,,,,,,,,,,,,,,,,,,,,,,,,,,,,,,,,,,,,,,,['# vi / tmp/＜XMLファイル 名＞ '],,,,,,,,,,,,,,,,,,,,,,,,,,,,,,,,,,,,,,,,,,,,,,,,,,,,,,,
,,,,,,,,,,,,,,,,,,,,,,,,,,,,,,,,,,,,,,,,,[],,,,,,,,,,,,,,,,,,,,,,,,,,,,,,,,,,,,,,,,,,,,,,,,,,,,,,
,,,,,,,,,,,,,,,,,,,,,,,,,,,,,,,,,,,,,,,,,,"['# virsh define /tmp/＜XMLファイル 名＞ ', '# virsh define / tmp/haasctl00_ xxxx.xml ', '# virsh start ＜VM名＞ ', '# virsh start ccc...c ']",,,,,,,,,,,,,,,,,,,,,,,,,,,,,,,,,,,,,,,,,,,,,,,,,,,,,
,,,,,,,,,,,,,,,,,,,,,,,,,,,,,,,,,,,,,,,,,,,"['# virsh console <VM名> ', '# nmcli c mod ens2 autoconnect yes  ', '# nmcli c mod ens3 autoconnect yes  ']",,,,,,,,,,,,,,,,,,,,,,,,,,,,,,,,,,,,,,,,,,,,,,,,,,,,
,,,,,,,,,,,,,,,,,,,,,,,,,,,,,,,,,,,,,,,,,,,,"['# virsh console <VM名> ', '# cd /root/after_config/inventories/  ', '# vi 01_interface_ip_address_change_invent ory.yml ']",,,,,,,,,,,,,,,,,,,,,,,,,,,,,,,,,,,,,,,,,,,,,,,,,,,
,,,,,,,,,,,,,,,,,,,,,,,,,,,,,,,,,,,,,,,,,,,,,"['# vi 01_interface_ip_address_change_inventory.yml  ', '#    - # extoperation_nw:  ', '#      conn_name:        ens7                # Conditional  ', '#      ip_address:       192.168.60.16     # Conditional  ', '#      prefix:           24                   # Conditional  ', '#      dns:              8.8.8.8              # Optional  ']",,,,,,,,,,,,,,,,,,,,,,,,,,,,,,,,,,,,,,,,,,,,,,,,,,
,,,,,,,,,,,,,,,,,,,,,,,,,,,,,,,,,,,,,,,,,,,,,,"['# ip a ', '# cd /root/after_config  ', '# ./01_interface_ip_address_change.sh  ', '# ./01_interface_ip_address_change.sh  ', '# ip a ']",,,,,,,,,,,,,,,,,,,,,,,,,,,,,,,,,,,,,,,,,,,,,,,,,
,,,,,,,,,,,,,,,,,,,,,,,,,,,,,,,,,,,,,,,,,,,,,,,"['# ssh ＜ユーザ名＞ @＜HaaS VM の外部IPアドレス ＞ ', '# exit ', '# ssh ＜ユーザ名＞ @＜HaaS VM の外部IPアドレス ＞ ']",,,,,,,,,,,,,,,,,,,,,,,,,,,,,,,,,,,,,,,,,,,,,,,,
,,,,,,,,,,,,,,,,,,,,,,,,,,,,,,,,,,,,,,,,,,,,,,,,"['# cd /root/after_config/inventories/  ', '# vi 02_construction_change_inventory.yml  ', '# vi 02_construction_change_inventory.yml  ']",,,,,,,,,,,,,,,,,,,,,,,,,,,,,,,,,,,,,,,,,,,,,,,
,,,,,,,,,,,,,,,,,,,,,,,,,,,,,,,,,,,,,,,,,,,,,,,,,[],,,,,,,,,,,,,,,,,,,,,,,,,,,,,,,,,,,,,,,,,,,,,,
,,,,,,,,,,,,,,,,,,,,,,,,,,,,,,,,,,,,,,,,,,,,,,,,,,"['# ip a ', '# cd /root/after_config  ', '# ./02_construction_change.sh  ', '# ./02_construction_change.sh  ']",,,,,,,,,,,,,,,,,,,,,,,,,,,,,,,,,,,,,,,,,,,,,
,,,,,,,,,,,,,,,,,,,,,,,,,,,,,,,,,,,,,,,,,,,,,,,,,,,"['# ssh ＜ユーザ名＞ @＜HaaS VM の外部VIP＞ ', '# ip a ', '# pcs status  ', '# exit ']",,,,,,,,,,,,,,,,,,,,,,,,,,,,,,,,,,,,,,,,,,,,
,,,,,,,,,,,,,,,,,,,,,,,,,,,,,,,,,,,,,,,,,,,,,,,,,,,,"['# ssh ＜ユーザ名＞ @＜HaaS VM の外部VIP＞ ', '# cd zabbix/  ', '# vi zbx_inventory.ini  ']",,,,,,,,,,,,,,,,,,,,,,,,,,,,,,,,,,,,,,,,,,,
,,,,,,,,,,,,,,,,,,,,,,,,,,,,,,,,,,,,,,,,,,,,,,,,,,,,,"['# cd /root/zabbix/  ', '# ./setup_zabbix.sh  ', '# ./host_show.sh  ', '# ./host_interface.sh ＜HaaS PM のホスト名＞  ']",,,,,,,,,,,,,,,,,,,,,,,,,,,,,,,,,,,,,,,,,,
,,,,,,,,,,,,,,,,,,,,,,,,,,,,,,,,,,,,,,,,,,,,,,,,,,,,,,"['# ipmitool lan print | grep ""IP Address  ""  ', '# ipmitool lan print | grep ""IP Address  ""  ', '# ./hostinterface_update.sh ＜HaaS PM のホスト名＞  ＜BMCのIPアドレス ＞ ', '# ./host_interface.sh ＜HaaS PM のホスト名＞  ']",,,,,,,,,,,,,,,,,,,,,,,,,,,,,,,,,,,,,,,,,
,,,,,,,,,,,,,,,,,,,,,,,,,,,,,,,,,,,,,,,,,,,,,,,,,,,,,,,"['# ./host_show.sh  ', '# cd /home/maintenance_tools /zabbix ', '# ./host_taskcreate.sh  ＜ホスト名＞  ', '# vi /srv/common/host_information.yml  ', '# vi /srv/common/host_information.yml  ']",,,,,,,,,,,,,,,,,,,,,,,,,,,,,,,,,,,,,,,,
,,,,,,,,,,,,,,,,,,,,,,,,,,,,,,,,,,,,,,,,,,,,,,,,,,,,,,,,"['# exit ', '# ssh ＜ユーザ名＞ @＜HaaS VM の外部VIP＞ ', '# cd /root/config_update_scrip ts ', '# ./_haas_ctl_info.sh -mode get  ']",,,,,,,,,,,,,,,,,,,,,,,,,,,,,,,,,,,,,,,
,,,,,,,,,,,,,,,,,,,,,,,,,,,,,,,,,,,,,,,,,,,,,,,,,,,,,,,,,"['# ./_haas_ctl_info.sh -mode set -target ＜変更前の VM名＞ -vm_name ＜変', '# ./_haas_ctl_info.sh -mode get  ', '# ssh ＜ユーザ名＞ @＜HaaS VM の外部VIP＞ ']",,,,,,,,,,,,,,,,,,,,,,,,,,,,,,,,,,,,,,
,,,,,,,,,,,,,,,,,,,,,,,,,,,,,,,,,,,,,,,,,,,,,,,,,,,,,,,,,,"['# cd /root/config_update_scripts  ', '# ./_generate_oauth2_client.sh ＜Client Name ＞ ', '# ./_generate_oauth2_client.sh ne -ops ']",,,,,,,,,,,,,,,,,,,,,,,,,,,,,,,,,,,,,
,,,,,,,,,,,,,,,,,,,,,,,,,,,,,,,,,,,,,,,,,,,,,,,,,,,,,,,,,,,"['# cd /root  ', '# tar -xvf if_mon_cronset.tar  ', '# rm -f if_mon_cronset.tar  ', '# virsh list  --all ', '# virsh list  --all ', '# cd /root ', '# vi cronSetting.cfg  ']",,,,,,,,,,,,,,,,,,,,,,,,,,,,,,,,,,,,
,,,,,,,,,,,,,,,,,,,,,,,,,,,,,,,,,,,,,,,,,,,,,,,,,,,,,,,,,,,,"['# cd /root ', '# crontab cronSetting.cfg  ', '# crontab -l ', '# ssh ＜ユーザ名＞ @＜HaaS VM の外部IPアドレス ＞ ']",,,,,,,,,,,,,,,,,,,,,,,,,,,,,,,,,,,
,,,,,,,,,,,,,,,,,,,,,,,,,,,,,,,,,,,,,,,,,,,,,,,,,,,,,,,,,,,,,"['# useradd ne -ops ', '# passwd ne -ops ', '# passwd: すべての認証トークンが正しく更新できました。  ', '# ssh ＜ユーザ名＞ @＜HaaS VM の外部VIP＞ ', '# chown -R ne-ops:ne-ops /srv/files  ']",,,,,,,,,,,,,,,,,,,,,,,,,,,,,,,,,,
,,,,,,,,,,,,,,,,,,,,,,,,,,,,,,,,,,,,,,,,,,,,,,,,,,,,,,,,,,,,,,"['# ssh ＜ユーザ名＞ @＜HaaS VM の外部VIP＞ ', '# cd /srv/nginx  ', '# mkdir haas  ', '# cd haas  ', '# openssl genrsa -aes256 -out ./haas. key 2048 ']",,,,,,,,,,,,,,,,,,,,,,,,,,,,,,,,,
,,,,,,,,,,,,,,,,,,,,,,,,,,,,,,,,,,,,,,,,,,,,,,,,,,,,,,,,,,,,,,,"['# openssl req -new -key ./haas. key -out haas.csr  ', '# openssl ca -in <CSRファイル格納ディレクトリ >/haas.csr -out <証明書発行ディレクトリ >/haas.crt ']",,,,,,,,,,,,,,,,,,,,,,,,,,,,,,,,
,,,,,,,,,,,,,,,,,,,,,,,,,,,,,,,,,,,,,,,,,,,,,,,,,,,,,,,,,,,,,,,,"['# Sign the certificate? [y/n]:  ★「y」を入力し、 Enter押下 ', '# cd /srv/nginx  ', '# rm haas.key haas.crt  ', '# cd /tmp ', '# cp haas.crt /srv/nginx/  ', '# cp ＜ルート証明書 (NW-OPS)＞ /srv/common/root_cert_nw -ops.pem ']",,,,,,,,,,,,,,,,,,,,,,,,,,,,,,,
,,,,,,,,,,,,,,,,,,,,,,,,,,,,,,,,,,,,,,,,,,,,,,,,,,,,,,,,,,,,,,,,,"['# cp ＜ルート証明書 (NE-OPS)＞ /srv/common/root_cert_ne -ops.pem ', '# cp ＜5GCのCA公開鍵＞ /etc/ssh/ ', '# chown root:root /etc/ssh/ ＜5GCのCA公開鍵＞ ', '# cd /srv/ nginx ', '# md5sum haas.crt  ', '# cd /srv/common  ', '# md5sum root_cert_nw -ops.pem ', '# md5sum root_cert_ne -ops.pem ', '# cd /etc/ssh  ']",,,,,,,,,,,,,,,,,,,,,,,,,,,,,,
,,,,,,,,,,,,,,,,,,,,,,,,,,,,,,,,,,,,,,,,,,,,,,,,,,,,,,,,,,,,,,,,,,"['# md5sum haas.crt  ', '# md5sum root_cert_nw -ops.pem ', '# md5sum root_cert_ne -ops.pem ', '# md5sum ＜5GCのCA公開鍵＞ ', '# cd /srv/common  ', '# cat root_cert_nw -ops.pem > cacert.pem  ', '# cat root_cert_ne -ops.pem >> cacert.pem  ', '# cd /srv/nginx/haas  ', '# cp haas.key haas2.key  ', '# openssl rsa -in haas2.key -out haas.key  ', '# cp haas. key /srv/nginx/  ']",,,,,,,,,,,,,,,,,,,,,,,,,,,,,
,,,,,,,,,,,,,,,,,,,,,,,,,,,,,,,,,,,,,,,,,,,,,,,,,,,,,,,,,,,,,,,,,,,"['# openssl rsa -in haas2.key -out haas.key  ', '# pcs status  ', '# pcs status  ', '# ssh ＜ユーザ名 ＞@＜HaaS VM の外部IPアドレス ＞ ']",,,,,,,,,,,,,,,,,,,,,,,,,,,,
,,,,,,,,,,,,,,,,,,,,,,,,,,,,,,,,,,,,,,,,,,,,,,,,,,,,,,,,,,,,,,,,,,,,"['# pcs node standby ＜ACTのノード名 ＞ ', '# pcs node unstandby ＜ノード名＞  ', '# pcs status  ', '# pcs status  ', '# exit ']",,,,,,,,,,,,,,,,,,,,,,,,,,,
,,,,,,,,,,,,,,,,,,,,,,,,,,,,,,,,,,,,,,,,,,,,,,,,,,,,,,,,,,,,,,,,,,,,,"['# ssh ＜ユーザ名＞ @＜HaaS VM の外部IPアドレス ＞ ', '# cd /home/ne -ops ', '# mkdir .ssh  ', '# chmod 700 .ssh  ', '# cd /etc/ssh  ', '# vi sshd_config  ']",,,,,,,,,,,,,,,,,,,,,,,,,,
,,,,,,,,,,,,,,,,,,,,,,,,,,,,,,,,,,,,,,,,,,,,,,,,,,,,,,,,,,,,,,,,,,,,,,"['# BEGIN ANSIBLE MANAGED BLOCK EOF  ', '# END ANSIBLE MANAGED BLOCK EOF  ', '# systemctl restart sshd.service  ', '# systemctl status sshd.service  ', '# systemctl status sshd.service  ', '# exit ']",,,,,,,,,,,,,,,,,,,,,,,,,
,,,,,,,,,,,,,,,,,,,,,,,,,,,,,,,,,,,,,,,,,,,,,,,,,,,,,,,,,,,,,,,,,,,,,,,"['# ssh ＜ユーザ名＞ @＜HaaS VM の外部VIP＞ ', '# openssl s_client -CAfile /srv/common/cacert.pem -connect ＜NW-OPSのFQDN', '# openssl s_client -CAfile /srv/common/cacert.pem -connect ＜NW-OPSのFQDN', '# openssl s_client -CAfile /srv/common/cacert.pem -connect ＜NE-OPSのFQDN']",,,,,,,,,,,,,,,,,,,,,,,,
,,,,,,,,,,,,,,,,,,,,,,,,,,,,,,,,,,,,,,,,,,,,,,,,,,,,,,,,,,,,,,,,,,,,,,,,"['# cd /home/ images ', '# rm ＜圧縮イメージファイル名＞  ']",,,,,,,,,,,,,,,,,,,,,,,
,,,,,,,,,,,,,,,,,,,,,,,,,,,,,,,,,,,,,,,,,,,,,,,,,,,,,,,,,,,,,,,,,,,,,,,,,"['# cd /tmp ', '# rm ＜XMLファイル名＞  ', '# exit ']",,,,,,,,,,,,,,,,,,,,,,
,,,,,,,,,,,,,,,,,,,,,,,,,,,,,,,,,,,,,,,,,,,,,,,,,,,,,,,,,,,,,,,,,,,,,,,,,,"['# ssh ＜ユーザ名 ＞@＜HaaS VM の外部IPアドレス ＞ ', '# cat /root/.bash_profile  ', '# .bash_profile  ', '# Get the aliases and functions  ', '# User specific environment and startup programs  ']",,,,,,,,,,,,,,,,,,,,,
,,,,,,,,,,,,,,,,,,,,,,,,,,,,,,,,,,,,,,,,,,,,,,,,,,,,,,,,,,,,,,,,,,,,,,,,,,,['# cat /etc/rsyslog.d/10 -docker.conf  '],,,,,,,,,,,,,,,,,,,,
,,,,,,,,,,,,,,,,,,,,,,,,,,,,,,,,,,,,,,,,,,,,,,,,,,,,,,,,,,,,,,,,,,,,,,,,,,,,"['# cat /etc/redhat -release ', '# cat /etc/redhat -release ', '# uname -a ', '# uname -a ', '# exit ']",,,,,,,,,,,,,,,,,,,
,,,,,,,,,,,,,,,,,,,,,,,,,,,,,,,,,,,,,,,,,,,,,,,,,,,,,,,,,,,,,,,,,,,,,,,,,,,,,"['# ssh ＜ユーザ名＞ @＜HaaS VM の外部IPアドレス ＞ ', '# cat /etc/redhat -release ', '# cat /etc/redhat -release ', '# uname -a ', '# uname -a ']",,,,,,,,,,,,,,,,,,
,,,,,,,,,,,,,,,,,,,,,,,,,,,,,,,,,,,,,,,,,,,,,,,,,,,,,,,,,,,,,,,,,,,,,,,,,,,,,,['# exit '],,,,,,,,,,,,,,,,,
,,,,,,,,,,,,,,,,,,,,,,,,,,,,,,,,,,,,,,,,,,,,,,,,,,,,,,,,,,,,,,,,,,,,,,,,,,,,,,,"['# ip a ', '# ip a ']",,,,,,,,,,,,,,,,
,,,,,,,,,,,,,,,,,,,,,,,,,,,,,,,,,,,,,,,,,,,,,,,,,,,,,,,,,,,,,,,,,,,,,,,,,,,,,,,,"['# ssh ＜ユーザ名＞ @＜HaaS VM の外部IPアドレス ＞ ', '# ip a ', '# ip a ']",,,,,,,,,,,,,,,
,,,,,,,,,,,,,,,,,,,,,,,,,,,,,,,,,,,,,,,,,,,,,,,,,,,,,,,,,,,,,,,,,,,,,,,,,,,,,,,,,"['# exit ', '# chronyc sources  ', '# chronyc sources  ']",,,,,,,,,,,,,,
,,,,,,,,,,,,,,,,,,,,,,,,,,,,,,,,,,,,,,,,,,,,,,,,,,,,,,,,,,,,,,,,,,,,,,,,,,,,,,,,,,['# exit '],,,,,,,,,,,,,
,,,,,,,,,,,,,,,,,,,,,,,,,,,,,,,,,,,,,,,,,,,,,,,,,,,,,,,,,,,,,,,,,,,,,,,,,,,,,,,,,,,"['# ssh ＜ユーザ名＞ @＜HaaS VM の外部IPアドレス ＞ ', '# chronyc sources  ', '# chronyc sources  ']",,,,,,,,,,,,
,,,,,,,,,,,,,,,,,,,,,,,,,,,,,,,,,,,,,,,,,,,,,,,,,,,,,,,,,,,,,,,,,,,,,,,,,,,,,,,,,,,,['# exit '],,,,,,,,,,,
,,,,,,,,,,,,,,,,,,,,,,,,,,,,,,,,,,,,,,,,,,,,,,,,,,,,,,,,,,,,,,,,,,,,,,,,,,,,,,,,,,,,,"['# ssh ＜ユーザ名＞ @＜HaaS VM の外部VIP＞ ', '# pacemakerd --version ']",,,,,,,,,,
,,,,,,,,,,,,,,,,,,,,,,,,,,,,,,,,,,,,,,,,,,,,,,,,,,,,,,,,,,,,,,,,,,,,,,,,,,,,,,,,,,,,,,"['# corosync -v ', '# drbdadm --version ']",,,,,,,,,
,,,,,,,,,,,,,,,,,,,,,,,,,,,,,,,,,,,,,,,,,,,,,,,,,,,,,,,,,,,,,,,,,,,,,,,,,,,,,,,,,,,,,,,"['# cobbler --version ', '# cobbler --version ', '# docker --version ']",,,,,,,,
,,,,,,,,,,,,,,,,,,,,,,,,,,,,,,,,,,,,,,,,,,,,,,,,,,,,,,,,,,,,,,,,,,,,,,,,,,,,,,,,,,,,,,,,"['# docker exec -it awx_task /bin/bash  ', '# docker exec -it awx_task /bin/bash  ']",,,,,,,
,,,,,,,,,,,,,,,,,,,,,,,,,,,,,,,,,,,,,,,,,,,,,,,,,,,,,,,,,,,,,,,,,,,,,,,,,,,,,,,,,,,,,,,,,['# docker exec -it zabbix_server /bin/bash  '],,,,,,
,,,,,,,,,,,,,,,,,,,,,,,,,,,,,,,,,,,,,,,,,,,,,,,,,,,,,,,,,,,,,,,,,,,,,,,,,,,,,,,,,,,,,,,,,,['# zabbix_agentd --version '],,,,,
,,,,,,,,,,,,,,,,,,,,,,,,,,,,,,,,,,,,,,,,,,,,,,,,,,,,,,,,,,,,,,,,,,,,,,,,,,,,,,,,,,,,,,,,,,,"['# docker exec -it gitlab /bin/bash  ', '# docker exec -it postgres /bin/bash  ']",,,,
,,,,,,,,,,,,,,,,,,,,,,,,,,,,,,,,,,,,,,,,,,,,,,,,,,,,,,,,,,,,,,,,,,,,,,,,,,,,,,,,,,,,,,,,,,,,"['# docker exec -it nginx /bin/bash  ', '# docker exec -it cmdb /bin/bash  ']",,,
,,,,,,,,,,,,,,,,,,,,,,,,,,,,,,,,,,,,,,,,,,,,,,,,,,,,,,,,,,,,,,,,,,,,,,,,,,,,,,,,,,,,,,,,,,,,,"['# ssh ＜ユーザ名＞ @＜HaaS VM の外部VIP＞ ', '# pcs status  ']",,
,,,,,,,,,,,,,,,,,,,,,,,,,,,,,,,,,,,,,,,,,,,,,,,,,,,,,,,,,,,,,,,,,,,,,,,,,,,,,,,,,,,,,,,,,,,,,,[],
,,,,,,,,,,,,,,,,,,,,,,,,,,,,,,,,,,,,,,,,,,,,,,,,,,,,,,,,,,,,,,,,,,,,,,,,,,,,,,,,,,,,,,,,,,,,,,,[]
